{
  "gd_final": {
    "iter": 100.0,
    "test_error": 0.002364066196605563,
    "train_loss": 0.008749786764383316,
    "weight_norm": 20.34415054321289
  },
  "ngd_final": {
    "iter": 100.0,
    "test_error": 0.0018912529340013862,
    "train_loss": 1.0857098686756217e-06,
    "weight_norm": 77.2110366821289
  }
}
