{
  "gd_final": {
    "iter": 100.0,
    "test_error": 0.002364066196605563,
    "train_loss": 0.008749786764383316,
    "weight_norm": 20.34415054321289
  },
  "ngd_final": {
    "iter": 100.0,
    "test_error": 0.002364066196605563,
    "train_loss": 1.6822985227094023e-09,
    "weight_norm": 128.0335235595703
  }
}
