{
  "bottom_final": {
    "gd": {
      "iter": 2000.0,
      "train_loss": 0.1584777981042862,
      "weight_norm": 521.6453247070312
    },
    "ngd": {
      "iter": 2000.0,
      "train_loss": 0.0008058828534558415,
      "weight_norm": 2961.52587890625
    }
  },
  "top_final": {
    "gd": {
      "iter": 1000.0,
      "train_loss": 0.43843117356300354,
      "weight_norm": 110.6865005493164
    },
    "ngd": {
      "iter": 1000.0,
      "train_loss": 0.8404871225357056,
      "weight_norm": 318.4926452636719
    }
  }
}
