{
  "bottom_final": {
    "gd": {
      "iter": 2000.0,
      "train_loss": 0.4333285689353943,
      "weight_norm": 70.762939453125
    },
    "ngd": {
      "iter": 2000.0,
      "train_loss": 3.395854264454101e-08,
      "weight_norm": 9879.9208984375
    }
  },
  "top_final": {
    "gd": {
      "iter": 1000.0,
      "train_loss": 0.26358485221862793,
      "weight_norm": 38.028411865234375
    },
    "ngd": {
      "iter": 1000.0,
      "train_loss": 0.00014726948575116694,
      "weight_norm": 2682.76806640625
    }
  }
}
