{
  "bottom_final": {
    "gd": {
      "iter": 2000.0,
      "train_loss": 0.42132797837257385,
      "weight_norm": 162.63011169433594
    },
    "ngd": {
      "iter": 2000.0,
      "train_loss": 0.010242783464491367,
      "weight_norm": 1723.716064453125
    }
  },
  "top_final": {
    "gd": {
      "iter": 1000.0,
      "train_loss": 0.19787490367889404,
      "weight_norm": 55.70563507080078
    },
    "ngd": {
      "iter": 1000.0,
      "train_loss": 0.00014726948575116694,
      "weight_norm": 2682.76806640625
    }
  }
}
