{
  "bottom_final": {
    "gd": {
      "iter": 2500.0,
      "train_loss": 0.13787828385829926,
      "weight_norm": 579.49951171875
    },
    "ngd": {
      "iter": 2500.0,
      "train_loss": 0.3778461217880249,
      "weight_norm": 196.88336181640625
    }
  },
  "top_final": {
    "gd": {
      "iter": 1000.0,
      "train_loss": 0.5413113236427307,
      "weight_norm": 100.65373992919922
    },
    "ngd": {
      "iter": 1000.0,
      "train_loss": 0.550450325012207,
      "weight_norm": 88.61666107177734
    }
  }
}
