{
  "linear_final_test_error": {
    "1": 0.18966667354106903,
    "10": 0.18000000715255737,
    "100": 0.18266665935516357,
    "4": 0.1679999977350235,
    "50": 0.18133333325386047
  },
  "linear_final_train_loss": {
    "1": 852.1735229492188,
    "10": 0.00015842437278479338,
    "100": 7.177753183484903e-12,
    "4": 0.003989938646554947,
    "50": 1.1315464831795907e-07
  },
  "nn_final_train_loss": {
    "1": 0.05730718374252319,
    "10": 0.010990306735038757,
    "20": 0.00348615157417953,
    "4": 0.018909528851509094,
    "40": 2.1208255930105224e-05
  }
}
