{
  "linear_final_test_error_pct": {
    "1": 49.70000088214874,
    "10": 49.70000088214874,
    "100": 18.50000023841858,
    "4": 49.70000088214874,
    "50": 18.700000643730164
  },
  "linear_final_train_loss": {
    "1": NaN,
    "10": NaN,
    "100": 2.050581908177811e-28,
    "4": NaN,
    "50": 1.270865381339247e-31
  },
  "nn_final_train_loss": {
    "1": 0.8196714520454407,
    "10": 0.8336345553398132,
    "20": 0.8249858021736145,
    "4": 0.8194575309753418,
    "40": 0.8361936807632446
  }
}
